<Configuration ID="27c55c70-574b-49fd-ad10-e0b40b25cd25">
  <Info Description="MKIT deployed" />
  <Add OfficeClientEdition="64" Channel="SemiAnnual" MigrateArch="TRUE" SourcePath="C:\O365\">
    <Product ID="O365ProPlusRetail">
      <Language ID="de-de" />
      <Language ID="en-us" />
      <ExcludeApp ID="Groove" />
      <ExcludeApp ID="Lync" />
    </Product>
    <Product ID="VisioProRetail">
      <Language ID="de-de" />
      <Language ID="en-us" />
      <ExcludeApp ID="Groove" />
      <ExcludeApp ID="Lync" />
    </Product>
    <Product ID="ProjectProRetail">
      <Language ID="de-de" />
      <Language ID="en-us" />
      <ExcludeApp ID="Groove" />
      <ExcludeApp ID="Lync" />
    </Product>
    <Product ID="LanguagePack">
      <Language ID="de-de" />
      <Language ID="en-us" />
    </Product>
  </Add>
  <Property Name="SharedComputerLicensing" Value="0" />
  <Property Name="FORCEAPPSHUTDOWN" Value="TRUE" />
  <Property Name="DeviceBasedLicensing" Value="0" />
  <Property Name="SCLCacheOverride" Value="0" />
  <Updates Enabled="TRUE" />
  <RemoveMSI />
  <AppSettings>
    <Setup Name="Company" Value="MKIT" />
    <User Key="software\microsoft\office\16.0\common\toolbars" Name="btnsize" Value="1" Type="REG_DWORD" App="office16" Id="L_Largeicons" />
    <User Key="software\microsoft\office\16.0\common" Name="default ui theme" Value="0" Type="REG_DWORD" App="office16" Id="L_DefaultUIThemeUser" />
    <User Key="software\microsoft\office\16.0\excel\options" Name="defaultformat" Value="51" Type="REG_DWORD" App="excel16" Id="L_SaveExcelfilesas" />
    <User Key="software\microsoft\office\16.0\powerpoint\options" Name="defaultformat" Value="27" Type="REG_DWORD" App="ppt16" Id="L_SavePowerPointfilesas" />
    <User Key="software\microsoft\office\16.0\word\options" Name="defaultformat" Value="" Type="REG_SZ" App="word16" Id="L_SaveWordfilesas" />
  </AppSettings>
  <Display Level="None" AcceptEULA="FALSE" />
</Configuration>